{
  "info": {
    "_postman_id": "portfolio-backend-collection",
    "name": "Portfolio Backend API",
    "schema": "https://schema.getpostman.com/json/collection/v2.1.0/collection.json"
  },
  "item": [
    {
      "name": "Get JWT Token",
      "request": {
        "method": "POST",
        "header": [
          { "key": "Content-Type", "value": "application/json" }
        ],
        "body": {
          "mode": "raw",
          "raw": "{\n  \"username\": \"admin\",\n  \"password\": \"adminpass\"\n}"
        },
        "url": { "raw": "http://localhost:5000/api/auth/token", "protocol": "http", "host": ["localhost"], "port": "5000", "path": ["api", "auth", "token"] }
      },
      "response": []
    },
    {
      "name": "Create Project",
      "request": {
        "method": "POST",
        "header": [
          { "key": "Content-Type", "value": "application/json" },
          { "key": "Authorization", "value": "Bearer {{jwt_token}}" }
        ],
        "body": {
          "mode": "raw",
          "raw": "{\n  \"title\": \"My Project\",\n  \"description\": \"A cool project\",\n  \"tech\": [\"React\", \"Flask\"],\n  \"links\": [{\"name\":\"GitHub\",\"url\":\"https://github.com\"}],\n  \"image\": \"/images/project.png\",\n  \"is_visible\": true,\n  \"order\": 1\n}"
        },
        "url": { "raw": "http://localhost:5000/api/projects/", "protocol": "http", "host": ["localhost"], "port": "5000", "path": ["api", "projects", ""] }
      },
      "response": []
    },
    {
      "name": "List Projects",
      "request": {
        "method": "GET",
        "header": [],
        "url": { "raw": "http://localhost:5000/api/projects/", "protocol": "http", "host": ["localhost"], "port": "5000", "path": ["api", "projects", ""] }
      },
      "response": []
    },
    {
      "name": "Create Blog",
      "request": {
        "method": "POST",
        "header": [
          { "key": "Content-Type", "value": "application/json" },
          { "key": "Authorization", "value": "Bearer {{jwt_token}}" }
        ],
        "body": {
          "mode": "raw",
          "raw": "{\n  \"title\": \"My Blog Post\",\n  \"content\": \"This is the content.\",\n  \"author_id\": 1,\n  \"tags\": [1, 2]\n}"
        },
        "url": { "raw": "http://localhost:5000/api/blogs/", "protocol": "http", "host": ["localhost"], "port": "5000", "path": ["api", "blogs", ""] }
      },
      "response": []
    },
    {
      "name": "List Blogs",
      "request": {
        "method": "GET",
        "header": [],
        "url": { "raw": "http://localhost:5000/api/blogs/", "protocol": "http", "host": ["localhost"], "port": "5000", "path": ["api", "blogs", ""] }
      },
      "response": []
    },
    {
      "name": "Create Certification",
      "request": {
        "method": "POST",
        "header": [
          { "key": "Content-Type", "value": "application/json" },
          { "key": "Authorization", "value": "Bearer {{jwt_token}}" }
        ],
        "body": {
          "mode": "raw",
          "raw": "{\n  \"name\": \"AWS Certified\",\n  \"issuer\": \"Amazon\",\n  \"date\": \"2024-01-01\",\n  \"credential_url\": \"https://verify.aws.amazon.com\",\n  \"image\": \"/images/aws.png\"\n}"
        },
        "url": { "raw": "http://localhost:5000/api/certifications/", "protocol": "http", "host": ["localhost"], "port": "5000", "path": ["api", "certifications", ""] }
      },
      "response": []
    },
    {
      "name": "List Certifications",
      "request": {
        "method": "GET",
        "header": [],
        "url": { "raw": "http://localhost:5000/api/certifications/", "protocol": "http", "host": ["localhost"], "port": "5000", "path": ["api", "certifications", ""] }
      },
      "response": []
    },
    {
      "name": "Create About",
      "request": {
        "method": "POST",
        "header": [
          { "key": "Content-Type", "value": "application/json" },
          { "key": "Authorization", "value": "Bearer {{jwt_token}}" }
        ],
        "body": {
          "mode": "raw",
          "raw": "{\n  \"name\": \"Aman Kayare\",\n  \"bio\": \"Experienced Software Engineer...\",\n  \"photo\": \"/images/aman.jpg\",\n  \"location\": \"India\",\n  \"email\": \"aman@email.com\",\n  \"social_links\": {\"linkedin\": \"https://linkedin.com/in/aman\", \"github\": \"https://github.com/amankayare\"}\n}"
        },
        "url": { "raw": "http://localhost:5000/api/about/", "protocol": "http", "host": ["localhost"], "port": "5000", "path": ["api", "about", ""] }
      },
      "response": []
    },
    {
      "name": "Get About",
      "request": {
        "method": "GET",
        "header": [],
        "url": { "raw": "http://localhost:5000/api/about/", "protocol": "http", "host": ["localhost"], "port": "5000", "path": ["api", "about", ""] }
      },
      "response": []
    },
    {
      "name": "Send Contact Message",
      "request": {
        "method": "POST",
        "header": [
          { "key": "Content-Type", "value": "application/json" }
        ],
        "body": {
          "mode": "raw",
          "raw": "{\n  \"name\": \"Visitor\",\n  \"email\": \"visitor@email.com\",\n  \"subject\": \"Hello\",\n  \"message\": \"I love your portfolio!\"\n}"
        },
        "url": { "raw": "http://localhost:5000/api/contact/", "protocol": "http", "host": ["localhost"], "port": "5000", "path": ["api", "contact", ""] }
      },
      "response": []
    },
    {
      "name": "Download Resume",
      "request": {
        "method": "GET",
        "header": [],
        "url": { "raw": "http://localhost:5000/api/resume/", "protocol": "http", "host": ["localhost"], "port": "5000", "path": ["api", "resume", ""] }
      },
      "response": []
    }
  ],
  "variable": [
    { "key": "jwt_token", "value": "" }
  ]
}
